电影名称,评价分数,评论人数,导演,主演,上映时间,出品地,剧情类别,电影标题图链接
肖申克的救赎,9.7,3174531,弗兰克·德拉邦特 Frank Darabont,蒂姆·罗宾斯 Tim Robbins /...,1994,美国,犯罪 剧情,https://img3.doubanio.com/view/photo/s_ratio_poster/public/p480747492.jpg
霸王别姬,9.6,2344571,陈凯歌 Kaige Chen,张国荣 Leslie Cheung / 张丰毅 Fengyi Zha...,1993,中国大陆 中国香港,剧情 爱情 同性,https://img1.doubanio.com/view/photo/s_ratio_poster/public/p2561716440.jpg
泰坦尼克号,9.5,2408880,詹姆斯·卡梅隆 James Cameron,莱昂纳多·迪卡普里奥 Leonardo...,1997,美国 墨西哥,剧情 爱情 灾难,https://img9.doubanio.com/view/photo/s_ratio_poster/public/p457760035.jpg
阿甘正传,9.5,2357811,罗伯特·泽米吉斯 Robert Zemeckis,汤姆·汉克斯 Tom Hanks / ...,1994,美国,剧情 爱情,https://img3.doubanio.com/view/photo/s_ratio_poster/public/p2372307693.jpg
千与千寻,9.4,2451994,宫崎骏 Hayao Miyazaki,柊瑠美 Rumi Hîragi / 入野自由 Miy...,2001,日本,剧情 动画 奇幻,https://img1.doubanio.com/view/photo/s_ratio_poster/public/p2557573348.jpg
美丽人生,9.5,1437750,罗伯托·贝尼尼 Roberto Benigni,罗伯托·贝尼尼 Roberto Beni...,1997,意大利,剧情 喜剧 爱情 战争,https://img3.doubanio.com/view/photo/s_ratio_poster/public/p2578474613.jpg
这个杀手不太冷,9.4,2486817,吕克·贝松 Luc Besson,让·雷诺 Jean Reno / 娜塔莉·波特曼 ...,1994,法国 美国,剧情 动作 犯罪,https://img9.doubanio.com/view/photo/s_ratio_poster/public/p2913554676.jpg
星际穿越,9.4,2086116,克里斯托弗·诺兰 Christopher Nolan,马修·麦康纳 Matthew Mc...,2014,美国 英国 加拿大,剧情 科幻 冒险,https://img3.doubanio.com/view/photo/s_ratio_poster/public/p2614988097.jpg
盗梦空间,9.4,2253464,克里斯托弗·诺兰 Christopher Nolan,莱昂纳多·迪卡普里奥 Le...,2010,美国 英国,剧情 科幻 悬疑 冒险,https://img9.doubanio.com/view/photo/s_ratio_poster/public/p513344864.jpg
楚门的世界,9.4,1936808,彼得·威尔 Peter Weir,金·凯瑞 Jim Carrey / 劳拉·琳妮 Lau...,1998,美国,剧情 科幻,https://img3.doubanio.com/view/photo/s_ratio_poster/public/p479682972.jpg
辛德勒的名单,9.5,1213242,史蒂文·斯皮尔伯格 Steven Spielberg,连姆·尼森 Liam Neeson...,1993,美国,剧情 历史 战争,https://img3.doubanio.com/view/photo/s_ratio_poster/public/p492406163.jpg
忠犬八公的故事,9.4,1501795,莱塞·霍尔斯道姆 Lasse Hallström,理查·基尔 Richard Ger...,2009,美国 英国,剧情,https://img1.doubanio.com/view/photo/s_ratio_poster/public/p2587099240.jpg
海上钢琴师,9.3,1826653,朱塞佩·托纳多雷 Giuseppe Tornatore,蒂姆·罗斯 Tim Roth / ...,1998,意大利,剧情 音乐,https://img9.doubanio.com/view/photo/s_ratio_poster/public/p2914698334.jpg
三傻大闹宝莱坞,9.2,2016492,拉库马·希拉尼 Rajkumar Hirani,阿米尔·汗 Aamir Khan / 卡...,2009,印度,剧情 喜剧 爱情 歌舞,https://img2.doubanio.com/view/photo/s_ratio_poster/public/p579729551.jpg
疯狂动物城,9.2,2171423,拜伦·霍华德 Byron Howard / 瑞奇·摩尔 Rich Moore,金妮弗·...,2016,美国,喜剧 动画 冒险,https://img2.doubanio.com/view/photo/s_ratio_poster/public/p2323981221.jpg
放牛班的春天,9.3,1430542,克里斯托夫·巴拉蒂 Christophe Barratier,让-巴蒂斯特·莫尼...,2004,法国 瑞士 德国,剧情 音乐,https://img1.doubanio.com/view/photo/s_ratio_poster/public/p2884280708.jpg
机器人总动员,9.3,1438700,安德鲁·斯坦顿 Andrew Stanton,本·贝尔特 Ben Burtt / 艾丽...,2008,美国,科幻 动画 冒险,https://img2.doubanio.com/view/photo/s_ratio_poster/public/p1461851991.jpg
无间道,9.3,1510942,刘伟强 / 麦兆辉,刘德华 Andy Lau / 梁朝伟 Tony Leung Chiu W...,2002,中国香港,剧情 犯罪 惊悚,https://img3.doubanio.com/view/photo/s_ratio_poster/public/p2564556863.jpg
控方证人,9.6,671441,比利·怀尔德 Billy Wilder,泰隆·鲍华 Tyrone Power / 玛琳·...,1957,美国,剧情 犯罪 悬疑 惊悚,https://img2.doubanio.com/view/photo/s_ratio_poster/public/p2911817201.jpg
大话西游之大圣娶亲,9.2,1661666,刘镇伟 Jeffrey Lau,周星驰 Stephen Chow / 吴孟达 Man Tat Ng...,1995,中国香港 中国大陆,喜剧 爱情 奇幻 古装,https://img9.doubanio.com/view/photo/s_ratio_poster/public/p2455050536.jpg
熔炉,9.3,1009340,黄东赫 Dong-hyuk Hwang,孔侑 Yoo Gong / 郑有美 Yu-mi Jung /...,2011,韩国,剧情,https://img9.doubanio.com/view/photo/s_ratio_poster/public/p1363250216.jpg
触不可及,9.3,1248044,奥利维·那卡什 Olivier Nakache / 艾力克·托兰达 Eric Toledano   主...,,2011,法国,剧情 喜剧,https://img9.doubanio.com/view/photo/s_ratio_poster/public/p1454261925.jpg
教父,9.3,1066924,弗朗西斯·福特·科波拉 Francis Ford Coppola,马龙·白兰度 M...,1972,美国,剧情 犯罪,https://img9.doubanio.com/view/photo/s_ratio_poster/public/p616779645.jpg
寻梦环游记,9.1,1893552,李·昂克里奇 Lee Unkrich / 阿德里安·莫利纳 Adrian Molina,...,2017,美国,喜剧 动画 奇幻 音乐,https://img2.doubanio.com/view/photo/s_ratio_poster/public/p2505426431.jpg
当幸福来敲门,9.1,1642462,加布里尔·穆奇诺 Gabriele Muccino,威尔·史密斯 Will Smith ...,2006,美国,剧情 传记 家庭,https://img1.doubanio.com/view/photo/s_ratio_poster/public/p1312700628.jpg
末代皇帝,9.3,991113,贝纳尔多·贝托鲁奇 Bernardo Bertolucci,尊龙 John Lone / 陈...,1987,英国 意大利 中国大陆 法国,剧情 传记 历史,https://img3.doubanio.com/view/photo/s_ratio_poster/public/p452089833.jpg
哈利·波特与魔法石,9.2,1363846,Chris Columbus,Daniel Radcliffe / Emma Watson / Rupert Grint,2001,美国 英国,奇幻 冒险,https://img1.doubanio.com/view/photo/s_ratio_poster/public/p2913781448.jpg
龙猫,9.2,1372292,宫崎骏 Hayao Miyazaki,日高法子 Noriko Hidaka / 坂本千夏 Ch...,1988,日本,动画 奇幻 冒险,https://img9.doubanio.com/view/photo/s_ratio_poster/public/p2540924496.jpg
怦然心动,9.1,1992067,罗伯·莱纳 Rob Reiner,玛德琳·卡罗尔 Madeline Carroll / 卡...,2010,美国,剧情 喜剧 爱情,https://img1.doubanio.com/view/photo/s_ratio_poster/public/p501177648.jpg
活着,9.3,937953,张艺谋 Yimou Zhang,葛优 You Ge / 巩俐 Li Gong / 姜武 Wu Jiang,1994,中国大陆 中国香港,剧情 历史 家庭,https://img3.doubanio.com/view/photo/s_ratio_poster/public/p2597919477.jpg
蝙蝠侠：黑暗骑士,9.2,1158026,克里斯托弗·诺兰 Christopher Nolan,克里斯蒂安·贝尔 Christ...,2008,美国 英国,剧情 动作 科幻 犯罪 惊悚,https://img3.doubanio.com/view/photo/s_ratio_poster/public/p462657443.jpg
指环王3：王者无敌,9.3,881285,彼得·杰克逊 Peter Jackson,伊利亚·伍德 Elijah Wood / 西恩...,2003,美国 新西兰,剧情 动作 奇幻 冒险,https://img3.doubanio.com/view/photo/s_ratio_poster/public/p2642829472.jpg
我不是药神,9.0,2288232,文牧野 Muye Wen,徐峥 Zheng Xu / 王传君 Chuanjun Wang / 周...,2018,中国大陆,剧情 喜剧,https://img9.doubanio.com/view/photo/s_ratio_poster/public/p2561305376.jpg
乱世佳人,9.3,763519,维克多·弗莱明 Victor Fleming / 乔治·库克 George Cukor,费...,1939,美国,剧情 历史 爱情 战争,https://img1.doubanio.com/view/photo/s_ratio_poster/public/p1963126880.jpg
飞屋环游记,9.1,1450563,彼特·道格特 Pete Docter / 鲍勃·彼德森 Bob Peterson,爱德...,2009,美国,剧情 喜剧 动画 冒险,https://img1.doubanio.com/view/photo/s_ratio_poster/public/p2553594918.jpg
让子弹飞,9.0,1863603,姜文 Wen Jiang,姜文 Wen Jiang / 葛优 You Ge / 周润发 Yun-F...,2010,中国大陆 中国香港,剧情 喜剧 动作 西部,https://img3.doubanio.com/view/photo/s_ratio_poster/public/p1512562287.jpg
哈尔的移动城堡,9.1,1236641,宫崎骏 Hayao Miyazaki,倍赏千惠子 Chieko Baishô / 木村拓...,2004,日本,爱情 动画 奇幻 冒险,https://img9.doubanio.com/view/photo/s_ratio_poster/public/p2907583906.jpg
素媛,9.3,753474,李濬益 Jun-ik Lee,薛景求 Kyung-gu Sol / 严志媛 Ji-won Uhm ...,2013,韩国,剧情,https://img9.doubanio.com/view/photo/s_ratio_poster/public/p2118532944.jpg
十二怒汉,9.4,554871,Sidney Lumet,亨利·方达 Henry Fonda / 马丁·鲍尔萨姆 Marti...,1957,美国,剧情,https://img3.doubanio.com/view/photo/s_ratio_poster/public/p2173577632.jpg
海蒂和爷爷,9.3,735439,阿兰·葛斯彭纳 Alain Gsponer,阿努克·斯特芬 Anuk Steffen /...,2015,德国 瑞士,剧情 冒险 家庭,https://img9.doubanio.com/view/photo/s_ratio_poster/public/p2554525534.jpg
猫鼠游戏,9.1,1160235,史蒂文·斯皮尔伯格 Steven Spielberg,莱昂纳多·迪卡普里奥 L...,2002,美国 加拿大,传记 犯罪 剧情,https://img2.doubanio.com/view/photo/s_ratio_poster/public/p453924541.jpg
天空之城,9.2,976741,宫崎骏 Hayao Miyazaki,田中真弓 Mayumi Tanaka / 横泽启子 Ke...,1986,日本,动画 奇幻 冒险,https://img2.doubanio.com/view/photo/s_ratio_poster/public/p2892409201.jpg
摔跤吧！爸爸,9.0,1697241,涅提·蒂瓦里 Nitesh Tiwari,阿米尔·汗 Aamir Khan / 法缇玛...,2016,印度,剧情 传记 运动 家庭,https://img1.doubanio.com/view/photo/s_ratio_poster/public/p2401676338.jpg
鬼子来了,9.3,690701,姜文 Wen Jiang,姜文 Wen Jiang / 香川照之 Teruyuki Kagawa /...,2000,中国大陆,剧情 喜剧,https://img1.doubanio.com/view/photo/s_ratio_poster/public/p2553104888.jpg
少年派的奇幻漂流,9.1,1452348,李安 Ang Lee,苏拉·沙玛 Suraj Sharma / 伊尔凡·可汗 Irrfan...,2012,美国 中国台湾 英国 加拿大,剧情 奇幻 冒险,https://img2.doubanio.com/view/photo/s_ratio_poster/public/p1784592701.jpg
钢琴家,9.3,722024,罗曼·波兰斯基 Roman Polanski,艾德里安·布洛迪 Adrien Brod...,2002,英国 法国 波兰 德国 美国,剧情 传记 战争 音乐,https://img2.doubanio.com/view/photo/s_ratio_poster/public/p1381339291.jpg
指环王2：双塔奇兵,9.2,829110,彼得·杰克逊 Peter Jackson,伊利亚·伍德 Elijah Wood / 西恩...,2002,美国 新西兰,剧情 动作 奇幻 冒险,https://img9.doubanio.com/view/photo/s_ratio_poster/public/p2640236255.jpg
大话西游之月光宝盒,9.0,1324925,刘镇伟 Jeffrey Lau,周星驰 Stephen Chow / 吴孟达 Man Tat Ng...,1995,中国香港 中国大陆,喜剧 爱情 奇幻 古装,https://img3.doubanio.com/view/photo/s_ratio_poster/public/p2561721372.jpg
死亡诗社,9.2,837484,彼得·威尔 Peter Weir,罗宾·威廉姆斯 Robin Williams / 罗伯...,1989,美国,剧情,https://img1.doubanio.com/view/photo/s_ratio_poster/public/p2575465690.jpg
何以为家,9.1,1134503,娜丁·拉巴基 Nadine Labaki,扎因·拉费阿 Zain al-Rafeea / ...,2018,黎巴嫩 美国 法国 塞浦路斯 卡塔尔 英国,剧情,https://img1.doubanio.com/view/photo/s_ratio_poster/public/p2555295759.jpg
闻香识女人,9.1,989324,马丁·布莱斯 Martin Brest,阿尔·帕西诺 Al Pacino / 克里斯...,1992,美国,剧情,https://img1.doubanio.com/view/photo/s_ratio_poster/public/p2550757929.jpg
绿皮书,8.9,1826723,彼得·法雷里 Peter Farrelly,维果·莫腾森 Viggo Mortensen /...,2018,美国 中国大陆,剧情 喜剧 传记 音乐,https://img2.doubanio.com/view/photo/s_ratio_poster/public/p2531065411.jpg
大闹天宫,9.4,490865,万籁鸣 Laiming Wan,邱岳峰 Yuefeng Qiu / 富润生 Runsheng Fu...,1961(中国大陆),1964(中国大陆),1978(中国大陆),https://img3.doubanio.com/view/photo/s_ratio_poster/public/p2184505167.jpg
黑客帝国,9.1,918305,安迪·沃卓斯基 Andy Wachowski / 拉娜·沃卓斯基 Lana Wachowski   主...,,1999,美国,动作 科幻,https://img1.doubanio.com/view/photo/s_ratio_poster/public/p451926968.jpg
指环王1：护戒使者,9.1,929197,彼得·杰克逊 Peter Jackson,伊利亚·伍德 Elijah Wood / 西恩...,2001,新西兰 美国,剧情 动作 奇幻 冒险,https://img9.doubanio.com/view/photo/s_ratio_poster/public/p2197698335.jpg
罗马假日,9.1,1020955,威廉·惠勒 William Wyler,奥黛丽·赫本 Audrey Hepburn / 格...,1953,美国,喜剧 剧情 爱情,https://img9.doubanio.com/view/photo/s_ratio_poster/public/p2189265085.jpg
教父2,9.3,614471,弗朗西斯·福特·科波拉 Francis Ford Coppola,阿尔·帕西诺 A...,1974,美国,剧情 犯罪,https://img3.doubanio.com/view/photo/s_ratio_poster/public/p2194138787.jpg
狮子王,9.1,930048,Roger Allers / 罗伯·明可夫 Rob Minkoff,乔纳森·泰勒·托马...,1994,美国,动画 冒险 歌舞,https://img3.doubanio.com/view/photo/s_ratio_poster/public/p726659067.jpg
天堂电影院,9.2,723923,朱塞佩·托纳多雷 Giuseppe Tornatore,菲利普·努瓦雷 Philipp...,1988,意大利 法国,剧情 爱情,https://img1.doubanio.com/view/photo/s_ratio_poster/public/p2653054340.jpg
饮食男女,9.2,694297,李安 Ang Lee,郎雄 Sihung Lung / 杨贵媚 Kuei-Mei Yang / 吴...,1994,中国台湾 美国,剧情 家庭,https://img2.doubanio.com/view/photo/s_ratio_poster/public/p1910899751.jpg
辩护人,9.2,642550,杨宇硕 Woo-seok Yang,宋康昊 Kang-ho Song / 金英爱 Yeong-ae...,2013,韩国,剧情,https://img9.doubanio.com/view/photo/s_ratio_poster/public/p2158166535.jpg
搏击俱乐部,9.0,934428,大卫·芬奇 David Fincher,爱德华·诺顿 Edward Norton / 布拉...,1999,美国,剧情 动作 悬疑 惊悚,https://img3.doubanio.com/view/photo/s_ratio_poster/public/p1910931622.jpg
本杰明·巴顿奇事,9.0,1071146,大卫·芬奇 David Fincher,凯特·布兰切特 Cate Blanchett / ...,2008,美国,剧情 爱情 奇幻,https://img3.doubanio.com/view/photo/s_ratio_poster/public/p2192535722.jpg
美丽心灵,9.1,833242,朗·霍华德 Ron Howard,罗素·克劳 Russell Crowe / 艾德·哈...,2001,美国,传记 剧情,https://img1.doubanio.com/view/photo/s_ratio_poster/public/p1665997400.jpg
穿条纹睡衣的男孩,9.2,622879,马克·赫尔曼 Mark Herman,阿萨·巴特菲尔德 Asa Butterfield ...,2008,英国 美国,剧情 战争,https://img3.doubanio.com/view/photo/s_ratio_poster/public/p1473670352.jpg
情书,8.9,1274594,岩井俊二 Shunji Iwai,中山美穗 Miho Nakayama / 丰川悦司 Ets...,1995,日本,剧情 爱情,https://img1.doubanio.com/view/photo/s_ratio_poster/public/p2648230660.jpg
窃听风暴,9.2,616017,弗洛里安·亨克尔·冯·多纳斯马尔克 Florian Henckel von Donnersmarck  &n...,,2006,德国,剧情 悬疑,https://img1.doubanio.com/view/photo/s_ratio_poster/public/p1808872109.jpg
两杆大烟枪,9.1,655340,盖·里奇 Guy Ritchie,杰森·弗莱明 Jason Flemyng / 德克斯特...,1998,英国,剧情 喜剧 犯罪,https://img1.doubanio.com/view/photo/s_ratio_poster/public/p792443418.jpg
哈利·波特与死亡圣器(下),9.0,937389,大卫·叶茨 David Yates,丹尼尔·雷德克里夫 Daniel Radcliffe...,2011,美国 英国,奇幻 冒险,https://img1.doubanio.com/view/photo/s_ratio_poster/public/p2913457020.jpg
音乐之声,9.1,662836,罗伯特·怀斯 Robert Wise,朱莉·安德鲁斯 Julie Andrews / 克...,1965,美国,剧情 传记 爱情 歌舞,https://img3.doubanio.com/view/photo/s_ratio_poster/public/p453788577.jpg
西西里的美丽传说,8.9,1064859,朱塞佩·托纳多雷 Giuseppe Tornatore,莫妮卡·贝鲁奇 Monica ...,2000,意大利 美国,剧情 战争 情色,https://img1.doubanio.com/view/photo/s_ratio_poster/public/p2441988159.jpg
功夫,8.9,1283695,周星驰 Stephen Chow,周星驰 Stephen Chow / 元秋 Qiu Yuen / ...,2004,中国大陆 中国香港,动作 喜剧 犯罪 奇幻,https://img1.doubanio.com/view/photo/s_ratio_poster/public/p2219011938.jpg
阿凡达,8.8,1532999,詹姆斯·卡梅隆 James Cameron,萨姆·沃辛顿 Sam Worthington ...,2009,美国,动作 科幻 冒险,https://img1.doubanio.com/view/photo/s_ratio_poster/public/p2180085848.jpg
哈利·波特与阿兹卡班的囚徒,9.0,854638,阿方索·卡隆 Alfonso Cuarón,丹尼尔·雷德克里夫 Daniel Rad...,2004,英国 美国,奇幻 冒险,https://img1.doubanio.com/view/photo/s_ratio_poster/public/p2913456870.jpg
看不见的客人,8.8,1398040,奥里奥尔·保罗 Oriol Paulo,马里奥·卡萨斯 Mario Casas / 阿...,2016,西班牙,剧情 犯罪 悬疑 惊悚,https://img9.doubanio.com/view/photo/s_ratio_poster/public/p2498971355.jpg
拯救大兵瑞恩,9.1,703693,史蒂文·斯皮尔伯格 Steven Spielberg,汤姆·汉克斯 Tom Hanks...,1998,美国,剧情 战争,https://img9.doubanio.com/view/photo/s_ratio_poster/public/p1014542496.jpg
沉默的羔羊,8.9,983701,乔纳森·戴米 Jonathan Demme,朱迪·福斯特 Jodie Foster / 安...,1991,美国,剧情 犯罪 惊悚,https://img3.doubanio.com/view/photo/s_ratio_poster/public/p1593414327.jpg
小鞋子,9.2,449592,马基德·马基迪 Majid Majidi,默罕默德·阿米尔·纳吉 Mohamma...,1997,伊朗,剧情 儿童 家庭,https://img9.doubanio.com/view/photo/s_ratio_poster/public/p2165511465.jpg
飞越疯人院,9.1,588543,米洛斯·福尔曼 Miloš Forman,杰克·尼科尔森 Jack Nichols...,1975,美国,剧情,https://img3.doubanio.com/view/photo/s_ratio_poster/public/p792238287.jpg
布达佩斯大饭店,8.9,1048553,韦斯·安德森 Wes Anderson,拉尔夫·费因斯 Ralph Fiennes / ...,2014,美国 德国 英国,剧情 喜剧 冒险,https://img3.doubanio.com/view/photo/s_ratio_poster/public/p2183539003.jpg
蝴蝶效应,8.9,1033062,埃里克·布雷斯 Eric Bress / J·麦基·格鲁伯 J. Mackye Gruber   主...,,2004,美国 加拿大,剧情 悬疑 科幻 惊悚,https://img1.doubanio.com/view/photo/s_ratio_poster/public/p2209066019.jpg
禁闭岛,8.9,1077978,Martin Scorsese,莱昂纳多·迪卡普里奥 Leonardo DiCaprio / ...,2010,美国,剧情 悬疑 惊悚,https://img1.doubanio.com/view/photo/s_ratio_poster/public/p450262388.jpg
致命魔术,8.9,937986,克里斯托弗·诺兰 Christopher Nolan,休·杰克曼 Hugh Jackman...,2006,英国 美国,剧情 悬疑 惊悚,https://img9.doubanio.com/view/photo/s_ratio_poster/public/p480383375.jpg
心灵捕手,9.0,791800,格斯·范·桑特 Gus Van Sant,马特·达蒙 Matt Damon / 罗宾·...,1997,美国,剧情,https://img9.doubanio.com/view/photo/s_ratio_poster/public/p480965695.jpg
低俗小说,8.9,927055,昆汀·塔伦蒂诺 Quentin Tarantino,约翰·特拉沃尔塔 John Tra...,1994,美国,剧情 喜剧 犯罪,https://img3.doubanio.com/view/photo/s_ratio_poster/public/p1910902213.jpg
超脱,9.0,695711,托尼·凯耶 Tony Kaye,艾德里安·布洛迪 Adrien Brody / 马西...,2011,美国,剧情,https://img2.doubanio.com/view/photo/s_ratio_poster/public/p1305562621.jpg
哈利·波特与密室,8.9,880388,Chris Columbus,丹尼尔·雷德克里夫 Daniel Radcliffe / 艾玛...,2002,英国 美国,奇幻 冒险,https://img2.doubanio.com/view/photo/s_ratio_poster/public/p2913781951.jpg
摩登时代,9.3,334545,查理·卓别林 Charles Chaplin,查理·卓别林 Charles Chaplin ...,1936,美国,剧情 喜剧 爱情,https://img1.doubanio.com/view/photo/s_ratio_poster/public/p2263408369.jpg
喜剧之王,8.8,1061227,周星驰 Stephen Chow / 李力持 Lik-Chi Lee,周星驰 Stephen Ch...,1999,中国香港,喜剧 剧情 爱情,https://img3.doubanio.com/view/photo/s_ratio_poster/public/p2579932167.jpg
杀人回忆,8.9,806960,奉俊昊 Joon-ho Bong,宋康昊 Kang-ho Song / 金相庆 Sang-kyun...,2003,韩国,剧情 动作 犯罪 悬疑 惊悚,https://img1.doubanio.com/view/photo/s_ratio_poster/public/p1633113220.jpg
致命ID,8.9,916260,詹姆斯·曼高德 James Mangold,约翰·库萨克 John Cusack / 雷...,2003,美国,剧情 悬疑 惊悚,https://img9.doubanio.com/view/photo/s_ratio_poster/public/p2558364386.jpg
春光乍泄,9.0,691703,王家卫 Kar Wai Wong,张国荣 Leslie Cheung / 梁朝伟 Tony Leu...,1997,中国香港 日本 韩国,剧情 爱情 同性,https://img2.doubanio.com/view/photo/s_ratio_poster/public/p465939041.jpg
一一,9.1,470886,杨德昌 Edward Yang,吴念真 / 李凯莉 Kelly Lee / 金燕玲 Elai...,2000,中国台湾 日本,剧情 爱情 家庭,https://img3.doubanio.com/view/photo/s_ratio_poster/public/p2567845803.jpg
海豚湾,9.3,376176,路易·西霍尤斯 Louie Psihoyos,路易·西霍尤斯 Louie Psihoyo...,2009,美国,纪录片,https://img1.doubanio.com/view/photo/s_ratio_poster/public/p2559579779.jpg
美国往事,9.1,456586,赛尔乔·莱翁内 Sergio Leone,罗伯特·德尼罗 Robert De Niro ...,1984,美国 意大利,犯罪 剧情,https://img3.doubanio.com/view/photo/s_ratio_poster/public/p477229647.jpg
加勒比海盗,8.8,939761,戈尔·维宾斯基 Gore Verbinski,约翰尼·德普 Johnny Depp / ...,2003,美国,动作 冒险 奇幻,https://img9.doubanio.com/view/photo/s_ratio_poster/public/p1596085504.jpg
红辣椒,9.0,544337,今敏 Satoshi Kon,林原惠美 Megumi Hayashibara / 江守彻 Toru...,2006,日本,动画 悬疑 科幻 惊悚,https://img1.doubanio.com/view/photo/s_ratio_poster/public/p2794776839.jpg
七宗罪,8.8,1026752,大卫·芬奇 David Fincher,摩根·弗里曼 Morgan Freeman / 布...,1995,美国,剧情 犯罪 悬疑 惊悚,https://img9.doubanio.com/view/photo/s_ratio_poster/public/p2219586434.jpg
唐伯虎点秋香,8.7,1187726,李力持 Lik-Chi Lee,周星驰 Stephen Chow / 巩俐 Li Gong / 陈...,1993,中国香港,喜剧 爱情 古装,https://img9.doubanio.com/view/photo/s_ratio_poster/public/p2357915564.jpg
还有明天,9.4,280407,宝拉·柯特莱西 Paola Cortellesi,宝拉·柯特莱西 Paola Corte...,2023,意大利,剧情 喜剧 历史,https://img9.doubanio.com/view/photo/s_ratio_poster/public/p2918279456.jpg
狩猎,9.1,449530,托马斯·温特伯格 Thomas Vinterberg,麦斯·米科尔森 Mads Mik...,2012,丹麦 瑞典,剧情,https://img3.doubanio.com/view/photo/s_ratio_poster/public/p1546987967.jpg
幽灵公主,8.9,643450,宫崎骏 Hayao Miyazaki,松田洋治 Yôji Matsuda / 石田百合...,1997,日本,动画 奇幻 冒险,https://img3.doubanio.com/view/photo/s_ratio_poster/public/p2920895053.jpg
甜蜜蜜,8.9,644214,陈可辛 Peter Chan,黎明 Leon Lai / 张曼玉 Maggie Cheung / ...,1996,中国香港,剧情 爱情,https://img9.doubanio.com/view/photo/s_ratio_poster/public/p2223011274.jpg
蝙蝠侠：黑暗骑士崛起,8.9,790506,克里斯托弗·诺兰 Christopher Nolan,克里斯蒂安·贝尔 Christ...,2012,美国 英国,剧情 动作 科幻 犯罪 惊悚,https://img9.doubanio.com/view/photo/s_ratio_poster/public/p1706428744.jpg
7号房的礼物,8.9,606808,李焕庆 Hwan-kyeong Lee,柳承龙 Seung-yong Ryoo / 朴信惠 Shi...,2013,韩国,剧情 喜剧 家庭,https://img9.doubanio.com/view/photo/s_ratio_poster/public/p1816276065.jpg
寄生虫,8.8,1501515,奉俊昊 Joon-ho Bong,宋康昊 Kang-ho Song / 李善均 Seon-gyun...,2019,韩国,剧情,https://img1.doubanio.com/view/photo/s_ratio_poster/public/p2561439800.jpg
天书奇谭,9.2,317223,王树忱 Shuchen Wang / 钱运达 Yunda Qian,丁建华 Jianhua Din...,1983(中国大陆),2021,中国大陆,https://img9.doubanio.com/view/photo/s_ratio_poster/public/p2700138245.jpg
超能陆战队,8.8,1112818,唐·霍尔 Don Hall / 克里斯·威廉姆斯 Chris Williams,斯科特...,2014,美国,喜剧 动作 科幻 动画 冒险,https://img1.doubanio.com/view/photo/s_ratio_poster/public/p2224568669.jpg
爱在黎明破晓前,8.8,769090,理查德·林克莱特 Richard Linklater,伊桑·霍克 Ethan Hawke ...,1995,美国 奥地利 瑞士,剧情 爱情,https://img9.doubanio.com/view/photo/s_ratio_poster/public/p2555762374.jpg
被嫌弃的松子的一生,8.8,756249,中岛哲也 Tetsuya Nakashima,中谷美纪 Miki Nakatani / 瑛太 E...,2006,日本,剧情 歌舞,https://img9.doubanio.com/view/photo/s_ratio_poster/public/p884763596.jpg
第六感,8.9,616509,M·奈特·沙马兰 M. Night Shyamalan,布鲁斯·威利斯 Bruce Wi...,1999,美国,剧情 悬疑 惊悚,https://img9.doubanio.com/view/photo/s_ratio_poster/public/p2220184425.jpg
爱在日落黄昏时,8.9,629810,理查德·林克莱特 Richard Linklater,伊桑·霍克 Ethan Hawke ...,2004,美国 法国,剧情 爱情,https://img1.doubanio.com/view/photo/s_ratio_poster/public/p2561542458.jpg
重庆森林,8.8,896540,王家卫 Kar Wai Wong,林青霞 Brigitte Lin / 金城武 Takeshi K...,1994,中国香港,剧情 爱情,https://img2.doubanio.com/view/photo/s_ratio_poster/public/p792381411.jpg
入殓师,8.9,728802,泷田洋二郎 Yôjirô Takita,本木雅弘 Masahiro Motoki / ...,2008,日本,剧情,https://img9.doubanio.com/view/photo/s_ratio_poster/public/p2707581855.jpg
剪刀手爱德华,8.7,1100251,蒂姆·波顿 Tim Burton,约翰尼·德普 Johnny Depp / 薇诺娜·...,1990,美国,剧情 爱情 奇幻,https://img3.doubanio.com/view/photo/s_ratio_poster/public/p480956937.jpg
未麻的部屋,9.1,405145,今敏 Satoshi Kon,岩男润子 Junko Iwao / 松本梨香 Rica Matsu...,1997,日本,剧情 犯罪 动画 悬疑 惊悚,https://img3.doubanio.com/view/photo/s_ratio_poster/public/p1351050722.jpg
断背山,8.8,761591,李安 Ang Lee,希斯·莱杰 Heath Ledger / 杰克·吉伦哈尔 Jake...,2005,美国 加拿大,剧情 爱情 同性 家庭,https://img1.doubanio.com/view/photo/s_ratio_poster/public/p2154212680.jpg
菊次郎的夏天,8.9,655925,北野武 Takeshi Kitano,北野武 Takeshi Kitano / 关口雄介 Yus...,1999,日本,剧情 喜剧,https://img9.doubanio.com/view/photo/s_ratio_poster/public/p2620392435.jpg
哈利·波特与火焰杯,8.8,769680,迈克·内威尔 Mike Newell,丹尼尔·雷德克里夫 Daniel Radclif...,2005,英国 美国,悬疑 奇幻 冒险,https://img9.doubanio.com/view/photo/s_ratio_poster/public/p2913456904.jpg
勇敢的心,8.9,593798,梅尔·吉布森 Mel Gibson,梅尔·吉布森 Mel Gibson / 苏菲·玛...,1995,美国,动作 传记 剧情 历史 战争,https://img1.doubanio.com/view/photo/s_ratio_poster/public/p2004174709.jpg
借东西的小人阿莉埃蒂,8.9,609517,米林宏昌 Hiromasa Yonebayashi,志田未来 Mirai Shida / 神木...,2010,日本,动画 奇幻 冒险,https://img9.doubanio.com/view/photo/s_ratio_poster/public/p617533616.jpg
茶馆,9.6,192561,谢添 Tian Xie,于是之 Shizhi Yu / 郑榕 Rong Zhen / 蓝天野 T...,1982(中国大陆),中国大陆,剧情 历史,https://img9.doubanio.com/view/photo/s_ratio_poster/public/p2528965424.jpg
头脑特工队,8.8,765733,彼特·道格特 Pete Docter / 罗纳尔多·德尔·卡门 Ronaldo Del Carmen  &nb...,,2015,美国,喜剧 动画 冒险,https://img1.doubanio.com/view/photo/s_ratio_poster/public/p2874927470.jpg
时空恋旅人,8.8,761144,理查德·柯蒂斯 Richard Curtis,多姆纳尔·格里森 Domhnall Gl...,2013,英国 美国,喜剧 爱情 奇幻,https://img9.doubanio.com/view/photo/s_ratio_poster/public/p2070153774.jpg
无人知晓,9.1,361350,是枝裕和 Hirokazu Koreeda,柳乐优弥 Yûya Yagira / 北浦爱...,2004,日本,剧情,https://img3.doubanio.com/view/photo/s_ratio_poster/public/p661160053.jpg
消失的爱人,8.7,1045177,大卫·芬奇 David Fincher,本·阿弗莱克 Ben Affleck / 罗莎蒙...,2014,美国,剧情 犯罪 悬疑 惊悚,https://img9.doubanio.com/view/photo/s_ratio_poster/public/p2221768894.jpg
倩女幽魂,8.8,815742,程小东 Siu-Tung Ching,张国荣 Leslie Cheung / 王祖贤 Joey W...,1987,中国香港,爱情 奇幻 武侠 古装,https://img9.doubanio.com/view/photo/s_ratio_poster/public/p2918554634.jpg
完美的世界,9.1,349758,克林特·伊斯特伍德 Clint Eastwood,凯文·科斯特纳 Kevin Cos...,1993,美国,剧情 犯罪,https://img1.doubanio.com/view/photo/s_ratio_poster/public/p2190556408.jpg
阳光灿烂的日子,8.8,675202,姜文 Wen Jiang,夏雨 Yu Xia / 宁静 Jing Ning / 陶虹 Hong Tao,1994,中国大陆 中国香港,剧情 爱情,https://img9.doubanio.com/view/photo/s_ratio_poster/public/p2564685215.jpg
花样年华,8.8,766269,王家卫 Kar Wai Wong,张曼玉 Maggie Cheung / 梁朝伟 Tony Leu...,2000,中国香港,剧情 爱情,https://img3.doubanio.com/view/photo/s_ratio_poster/public/p2918312477.jpg
驯龙高手,8.8,829254,迪恩·德布洛斯 Dean DeBlois / 克里斯·桑德斯 Chris Sanders,...,2010,美国,动画 奇幻 冒险,https://img9.doubanio.com/view/photo/s_ratio_poster/public/p2210954024.jpg
小森林 夏秋篇,9.0,461544,森淳一 Junichi Mori,桥本爱 Ai Hashimoto / 三浦贵大 Takahir...,2014,日本,剧情,https://img3.doubanio.com/view/photo/s_ratio_poster/public/p2564498893.jpg
天使爱美丽,8.7,1004353,让-皮埃尔·热内 Jean-Pierre Jeunet,奥黛丽·塔图 Audrey Tau...,2001,法国 德国,剧情 喜剧 爱情,https://img3.doubanio.com/view/photo/s_ratio_poster/public/p2447590313.jpg
新世界,8.9,506405,朴勋政 Hoon-jung Park,李政宰 Jung-Jae Lee / 崔岷植 Min-sik...,2013,韩国,剧情 犯罪,https://img1.doubanio.com/view/photo/s_ratio_poster/public/p1903379979.jpg
傲慢与偏见,8.7,893734,乔·怀特 Joe Wright,凯拉·奈特莉 Keira Knightley / 马修·...,2005,法国 英国 美国,剧情 爱情,https://img1.doubanio.com/view/photo/s_ratio_poster/public/p2016401659.jpg
一个叫欧维的男人决定去死,8.9,546812,汉内斯·赫尔姆 Hannes Holm,罗夫·拉斯加德 Rolf Lassgård...,2015,瑞典,剧情,https://img3.doubanio.com/view/photo/s_ratio_poster/public/p2406624993.jpg
侧耳倾听,8.9,507647,近藤喜文 Yoshifumi Kondo,本名阳子 Youko Honna / 小林桂树 K...,1995,日本,剧情 爱情 动画,https://img3.doubanio.com/view/photo/s_ratio_poster/public/p456692072.jpg
怪兽电力公司,8.8,746340,彼特·道格特 Pete Docter / 大卫·斯沃曼 David Silverman,约...,2001,美国,儿童 喜剧 动画 奇幻 冒险,https://img1.doubanio.com/view/photo/s_ratio_poster/public/p2513247938.jpg
玩具总动员3,8.9,572999,李·昂克里奇 Lee Unkrich,汤姆·汉克斯 Tom Hanks / 蒂姆·艾...,2010,美国,喜剧 动画 奇幻 冒险,https://img1.doubanio.com/view/photo/s_ratio_poster/public/p1283675359.jpg
请以你的名字呼唤我,8.8,799391,卢卡·瓜达尼诺 Luca Guadagnino,艾米·汉莫 Armie Hammer / ...,2017,意大利 法国 巴西 美国,剧情 爱情 同性,https://img1.doubanio.com/view/photo/s_ratio_poster/public/p2505525050.jpg
教父3,9.0,416823,弗朗西斯·福特·科波拉 Francis Ford Coppola,阿尔·帕西诺 A...,1990,美国,剧情 犯罪,https://img2.doubanio.com/view/photo/s_ratio_poster/public/p2169664351.jpg
色，戒,8.7,926316,李安 Ang Lee,梁朝伟 Tony Leung Chiu Wai / 汤唯 Wei Tang / ...,2007,中国台湾 中国大陆 美国 中国香港,剧情 爱情 情色,https://img9.doubanio.com/view/photo/s_ratio_poster/public/p453716305.jpg
幸福终点站,8.8,623580,史蒂文·斯皮尔伯格 Steven Spielberg,汤姆·汉克斯 Tom Hanks...,2004,美国,喜剧 剧情 爱情,https://img3.doubanio.com/view/photo/s_ratio_poster/public/p2181698213.jpg
哪吒闹海,9.2,297441,王树忱 Shuchen Wang / 严定宪 Dingxian Yan,梁正晖 Zhenghui ...,1979,中国大陆,冒险 动画 奇幻,https://img9.doubanio.com/view/photo/s_ratio_poster/public/p2532803206.jpg
被解救的姜戈,8.8,670285,昆汀·塔伦蒂诺 Quentin Tarantino,杰米·福克斯 Jamie Foxx /...,2012,美国,剧情 动作 西部 冒险,https://img3.doubanio.com/view/photo/s_ratio_poster/public/p1800813767.jpg
小森林 冬春篇,9.0,410563,森淳一 Junichi Mori,桥本爱 Ai Hashimoto / 三浦贵大 Takahir...,2015,日本,剧情,https://img3.doubanio.com/view/photo/s_ratio_poster/public/p2618201652.jpg
九品芝麻官,8.8,766498,王晶 Jing Wong,周星驰 Stephen Chow / 吴孟达 Man Tat Ng / ...,1994,中国香港,剧情 喜剧 古装,https://img1.doubanio.com/view/photo/s_ratio_poster/public/p648370300.jpg
釜山行,8.6,1314035,延尚昊 Sang-ho Yeon,孔侑 Yoo Gong / 郑有美 Yu-mi Jung / 马...,2016,韩国,动作 惊悚 灾难,https://img1.doubanio.com/view/photo/s_ratio_poster/public/p2360940399.jpg
神偷奶爸,8.7,1023298,皮艾尔·柯芬 Pierre Coffin / 克里斯·雷纳德 Chris Renaud,...,2010,美国 法国,喜剧 动画 冒险,https://img1.doubanio.com/view/photo/s_ratio_poster/public/p792776858.jpg
萤火之森,8.8,592935,大森贵弘 Takahiro Omori,佐仓绫音 Ayane Sakura / 内山昂辉 K...,2011,日本,剧情 爱情 动画 奇幻,https://img3.doubanio.com/view/photo/s_ratio_poster/public/p1675053073.jpg
喜宴,9.0,413009,李安 Ang Lee,赵文瑄 Winston Chao / 归亚蕾 Ya-lei Kuei / 郎...,1993,中国台湾 美国,剧情 喜剧 爱情 同性 家庭,https://img3.doubanio.com/view/photo/s_ratio_poster/public/p2249048907.jpg
告白,8.8,723997,中岛哲也 Tetsuya Nakashima,松隆子 Takako Matsu / 冈田将生 ...,2010,日本,剧情 悬疑,https://img9.doubanio.com/view/photo/s_ratio_poster/public/p689520756.jpg
玛丽和马克思,9.0,449721,亚当·艾略特 Adam Elliot,托妮·科莱特 Toni Collette / 菲利...,2009,澳大利亚 美国,剧情 喜剧 动画,https://img9.doubanio.com/view/photo/s_ratio_poster/public/p488255145.jpg
头号玩家,8.6,1477915,史蒂文·斯皮尔伯格 Steven Spielberg,泰伊·谢里丹 Tye Sheri...,2018,美国,动作 科幻 冒险,https://img3.doubanio.com/view/photo/s_ratio_poster/public/p2516578307.jpg
模仿游戏,8.8,704887,莫滕·泰杜姆 Morten Tyldum,本尼迪克特·康伯巴奇 Benedict C...,2014,英国 美国,剧情 传记 战争 同性,https://img3.doubanio.com/view/photo/s_ratio_poster/public/p2255040492.jpg
大鱼,8.8,611947,蒂姆·波顿 Tim Burton,伊万·麦克格雷格 Ewan McGregor / 阿...,2003,美国,剧情 爱情 奇幻 冒险,https://img9.doubanio.com/view/photo/s_ratio_poster/public/p692813374.jpg
七武士,9.3,223971,黑泽明 Akira Kurosawa,三船敏郎 Toshirô Mifune / 志村乔 ...,1954,日本,动作 冒险 剧情,https://img9.doubanio.com/view/photo/s_ratio_poster/public/p2215886505.jpg
惊魂记,9.0,341001,阿尔弗雷德·希区柯克 Alfred Hitchcock,安东尼·博金斯 Antho...,1960,美国,悬疑 惊悚 恐怖,https://img9.doubanio.com/view/photo/s_ratio_poster/public/p1021883305.jpg
射雕英雄传之东成西就,8.7,700105,刘镇伟 Jeffrey Lau,梁朝伟 Tony Leung Chiu Wai / 林青霞 Bri...,1993,中国香港,喜剧 奇幻 武侠 古装,https://img3.doubanio.com/view/photo/s_ratio_poster/public/p2609063922.jpg
血战钢锯岭,8.7,840086,梅尔·吉布森 Mel Gibson,安德鲁·加菲尔德 Andrew Garfield /...,2016,澳大利亚 美国,剧情 传记 历史 战争,https://img1.doubanio.com/view/photo/s_ratio_poster/public/p2398141939.jpg
我是山姆,9.0,366752,杰茜·尼尔森 Jessie Nelson,Sean Penn / Dakota Fanning / Mi...,2001,美国,剧情 家庭,https://img9.doubanio.com/view/photo/s_ratio_poster/public/p652417775.jpg
你的名字。,8.5,1551015,新海诚 Makoto Shinkai,神木隆之介 Ryûnosuke Kamiki / 上...,2016,日本,剧情 爱情 动画,https://img2.doubanio.com/view/photo/s_ratio_poster/public/p2910701461.jpg
阳光姐妹淘,8.8,625171,姜炯哲 Hyeong-Cheol Kang,沈恩京 Eun-kyung Shim / 闵孝琳 Hy...,2011,韩国,剧情 喜剧,https://img3.doubanio.com/view/photo/s_ratio_poster/public/p1374786017.jpg
恐怖直播,8.7,710907,金秉祐 Byeong-woo Kim,河正宇 Jung-woo Ha / 李璟荣 Kyeong-y...,2013,韩国,剧情 犯罪 悬疑,https://img9.doubanio.com/view/photo/s_ratio_poster/public/p2016930906.jpg
黑客帝国3：矩阵革命,8.8,484747,拉娜·沃卓斯基 Lana Wachowski / 莉莉·沃卓斯基 Lilly Wachowski   ...,,2003,美国,动作 科幻,https://img1.doubanio.com/view/photo/s_ratio_poster/public/p443461818.jpg
背靠背，脸对脸,9.5,168276,黄建新 Jianxin Huang / 杨亚洲 Yazhou Yang,牛振华 Zhenhua N...,1994,中国大陆 中国香港,剧情,https://img3.doubanio.com/view/photo/s_ratio_poster/public/p2505048077.jpg
心灵奇旅,8.7,1100348,彼特·道格特 Pete Docter / 凯普·鲍尔斯 Kemp Powers,杰米·...,2020,美国,动画 奇幻 音乐,https://img1.doubanio.com/view/photo/s_ratio_poster/public/p2595591069.jpg
电锯惊魂,8.7,592780,詹姆斯·温 James Wan,雷·沃纳尔 Leigh Whannell / 加利·艾...,2004,美国,悬疑 惊悚 恐怖,https://img9.doubanio.com/view/photo/s_ratio_poster/public/p726839485.jpg
三块广告牌,8.7,896574,马丁·麦克唐纳 Martin McDonagh,弗兰西斯·麦克多蒙德 France...,2017,英国 美国,剧情 犯罪,https://img9.doubanio.com/view/photo/s_ratio_poster/public/p2502943384.jpg
小丑,8.7,1102515,托德·菲利普斯 Todd Phillips,杰昆·菲尼克斯 Joaquin Phoeni...,2019,美国 加拿大,剧情 犯罪 惊悚,https://img9.doubanio.com/view/photo/s_ratio_poster/public/p2567198874.jpg
谍影重重3,8.9,457128,保罗·格林格拉斯 Paul Greengrass,马特·达蒙 Matt Damon / ...,2007,美国 德国 法国 英国,动作 悬疑 惊悚,https://img3.doubanio.com/view/photo/s_ratio_poster/public/p792223507.jpg
达拉斯买家俱乐部,8.8,493398,让-马克·瓦雷 Jean-Marc Vallée,马修·麦康纳 Matthew McCon...,2013,美国,剧情 传记 同性,https://img3.doubanio.com/view/photo/s_ratio_poster/public/p2166160837.jpg
疯狂原始人,8.7,900982,科克·德·米科 Kirk De Micco / 克里斯·桑德斯 Chris Sanders   主演...,,2013,美国,喜剧 动画 冒险,https://img3.doubanio.com/view/photo/s_ratio_poster/public/p1867084027.jpg
无间道2,8.8,547176,刘伟强 Andrew Lau / 麦兆辉 Alan Mak,陈冠希 Edison Chen / ...,2003,中国香港,剧情 犯罪 惊悚,https://img1.doubanio.com/view/photo/s_ratio_poster/public/p958008320.jpg
绿里奇迹,8.9,375523,弗兰克·德拉邦特 Frank Darabont,汤姆·汉克斯 Tom Hanks / ...,1999,美国,犯罪 剧情 奇幻 悬疑,https://img2.doubanio.com/view/photo/s_ratio_poster/public/p767586451.jpg
爱在午夜降临前,8.9,455608,理查德·林克莱特 Richard Linklater,伊桑·霍克 Ethan Hawke ...,2013,美国 希腊,剧情 爱情,https://img1.doubanio.com/view/photo/s_ratio_poster/public/p2074715729.jpg
海街日记,8.8,504118,是枝裕和 Hirokazu Koreeda,绫濑遥 Haruka Ayase / 长泽雅美 M...,2015,日本,剧情 家庭,https://img3.doubanio.com/view/photo/s_ratio_poster/public/p2603364117.jpg
风之谷,8.9,384922,宫崎骏 Hayao Miyazaki,岛本须美 Sumi Shimamoto / 松田洋治 Y...,1984,日本,动画 奇幻 冒险,https://img3.doubanio.com/view/photo/s_ratio_poster/public/p1917567652.jpg
上帝之城,9.0,325794,费尔南多·梅里尔斯 Fernando Meirelles / 卡迪亚·兰德 Kátia Lund  &nbsp...,,2002,巴西 法国,犯罪 剧情,https://img1.doubanio.com/view/photo/s_ratio_poster/public/p455677490.jpg
英雄本色,8.6,591509,吴宇森 John Woo,周润发 Yun-Fat Chow / 狄龙 Lung Ti / 张国...,1986,中国香港,剧情 动作 犯罪,https://img3.doubanio.com/view/photo/s_ratio_poster/public/p2504997087.jpg
疯狂的石头,8.6,901196,宁浩 Hao Ning,郭涛 Tao Guo / 刘桦 Hua Liu / 连晋 Teddy Lin,2006,中国大陆 中国香港,喜剧 犯罪,https://img3.doubanio.com/view/photo/s_ratio_poster/public/p712241453.jpg
雨中曲,9.1,257817,斯坦利·多南 Stanley Donen / 吉恩·凯利 Gene Kelly,吉恩·...,1952,美国,喜剧 歌舞 爱情,https://img9.doubanio.com/view/photo/s_ratio_poster/public/p1612355875.jpg
心迷宫,8.7,594330,忻钰坤 Yukun Xin,霍卫民 Weimin Huo / 王笑天 Xiaotian Wang ...,2014,中国大陆,剧情 犯罪 悬疑,https://img9.doubanio.com/view/photo/s_ratio_poster/public/p2276780256.jpg
2001太空漫游,8.9,378148,斯坦利·库布里克 Stanley Kubrick,凯尔·杜拉 Keir Dullea / ...,1968,英国 美国,科幻 惊悚 冒险,https://img9.doubanio.com/view/photo/s_ratio_poster/public/p2560717825.jpg
纵横四海,8.8,463543,吴宇森 John Woo,周润发 Yun-Fat Chow / 张国荣 Leslie Cheung...,1991,中国香港,剧情 喜剧 动作 犯罪,https://img1.doubanio.com/view/photo/s_ratio_poster/public/p2597918718.jpg
末路狂花,9.0,322221,雷德利·斯科特 Ridley Scott,吉娜·戴维斯 Geena Davis / 苏...,1991,美国 英国 法国,犯罪 剧情 惊悚,https://img9.doubanio.com/view/photo/s_ratio_poster/public/p1910924635.jpg
记忆碎片,8.7,653160,克里斯托弗·诺兰 Christopher Nolan,盖·皮尔斯 Guy Pearce /...,2000,美国,犯罪 剧情 悬疑 惊悚,https://img3.doubanio.com/view/photo/s_ratio_poster/public/p641688453.jpg
卢旺达饭店,8.9,358768,特瑞·乔治 Terry George,唐·钱德尔 Don Cheadle / 苏菲·奥...,2004,英国 南非 意大利 美国,剧情 传记 历史 战争,https://img3.doubanio.com/view/photo/s_ratio_poster/public/p470419493.jpg
高山下的花环,9.5,141570,谢晋 Jin Xie,吕晓禾 Xiaohe Lü / 唐国强 Guoqiang Tang / 何...,1984(中国大陆),1985,中国大陆,https://img1.doubanio.com/view/photo/s_ratio_poster/public/p2319879389.jpg
无敌破坏王,8.7,595597,瑞奇·莫尔 Rich Moore,约翰·C·赖利 John C. Reilly / 萨拉...,2012,美国,喜剧 动画 奇幻 冒险,https://img9.doubanio.com/view/photo/s_ratio_poster/public/p1735642656.jpg
小偷家族,8.7,878513,是枝裕和 Hirokazu Koreeda,中川雅也 Lily Franky / 安藤樱 Sa...,2018,日本,剧情 犯罪 家庭,https://img9.doubanio.com/view/photo/s_ratio_poster/public/p2530599636.jpg
冰川时代,8.7,669417,卡洛斯·沙尔丹哈 Carlos Saldanha / 克里斯·韦奇 Chris Wedge   主演...,,2002,美国,喜剧 动画 冒险,https://img1.doubanio.com/view/photo/s_ratio_poster/public/p1910895719.jpg
恐怖游轮,8.5,959318,克里斯托弗·史密斯 Christopher Smith,梅利莎·乔治 Melissa ...,2009,英国 澳大利亚,剧情 悬疑 惊悚,https://img9.doubanio.com/view/photo/s_ratio_poster/public/p462470694.jpg
东京教父,9.0,276384,今敏 Satoshi Kon,江守彻 Toru Emori / 梅垣义明 Yoshiaki Ume...,2003,日本,剧情 喜剧 动画,https://img1.doubanio.com/view/photo/s_ratio_poster/public/p456703618.jpg
牯岭街少年杀人事件,8.9,351780,杨德昌 Edward Yang,张震 Chen Chang / 杨静怡 Lisa Yang / 张...,1991,中国台湾,剧情 犯罪,https://img9.doubanio.com/view/photo/s_ratio_poster/public/p848381236.jpg
魔女宅急便,8.7,509739,宫崎骏 Hayao Miyazaki,高山南 Minami Takayama / 佐久间玲 Re...,1989,日本,动画 奇幻 冒险,https://img3.doubanio.com/view/photo/s_ratio_poster/public/p456676352.jpg
岁月神偷,8.7,604449,罗启锐 Alex Law,吴君如 Sandra Ng / 任达华 Simon Yam / 钟绍...,2010,中国香港 中国大陆,剧情 家庭,https://img2.doubanio.com/view/photo/s_ratio_poster/public/p456666151.jpg
忠犬八公物语,9.2,213127,神山征二郎 Seijirô Kôyama,仲代达矢 Tatsuya Nakadai /...,1987,日本,剧情,https://img9.doubanio.com/view/photo/s_ratio_poster/public/p2603716224.jpg
荒蛮故事,8.7,501647,达米安·斯兹弗隆 Damián Szifron,达里奥·葛兰帝内提 Darío...,2014,阿根廷 西班牙,剧情 喜剧 犯罪,https://img3.doubanio.com/view/photo/s_ratio_poster/public/p2919686972.jpg
遗愿清单,8.7,518460,罗伯·莱纳 Rob Reiner,杰克·尼科尔森 Jack Nicholson / 摩根...,2007,美国,冒险 喜剧 剧情,https://img3.doubanio.com/view/photo/s_ratio_poster/public/p2676812053.jpg
大佛普拉斯,8.7,533458,黄信尧 Hsin-yao Huang,庄益增 Yizeng Zhuang / 陈竹昇 Chu-sh...,2017,中国台湾,剧情 喜剧,https://img3.doubanio.com/view/photo/s_ratio_poster/public/p2505928032.jpg
贫民窟的百万富翁,8.6,793856,丹尼·鲍尔 Danny Boyle / 洛芙琳·坦丹 Loveleen Tandan,戴夫...,2008,英国,剧情 爱情,https://img1.doubanio.com/view/photo/s_ratio_poster/public/p2434249040.jpg
芙蓉镇,9.3,176353,谢晋 Jin Xie,刘晓庆 Xiaoqing Liu / 姜文 Wen Jiang / 郑在石...,1987,中国大陆,剧情 爱情,https://img1.doubanio.com/view/photo/s_ratio_poster/public/p2575337180.jpg
源代码,8.6,903578,邓肯·琼斯 Duncan Jones,杰克·吉伦哈尔 Jake Gyllenhaal / ...,2011,美国 加拿大,科幻 悬疑 惊悚,https://img9.doubanio.com/view/photo/s_ratio_poster/public/p988260245.jpg
疯狂的麦克斯4：狂暴之路,8.7,601246,乔治·米勒 George Miller,汤姆·哈迪 Tom Hardy / 查理兹·塞...,2015,澳大利亚 美国,动作 科幻 冒险,https://img3.doubanio.com/view/photo/s_ratio_poster/public/p2236181653.jpg
你看起来好像很好吃,8.9,364331,藤森雅也 Masaya Fujimori,山口胜平 Kappei Yamaguchi / 爱河...,2010,日本,剧情 动画 儿童,https://img3.doubanio.com/view/photo/s_ratio_poster/public/p709670262.jpg
东邪西毒,8.6,621794,王家卫 Kar Wai Wong,张国荣 Leslie Cheung / 林青霞 Brigitte...,1994,中国香港 中国台湾,剧情 动作 爱情 武侠 古装,https://img3.doubanio.com/view/photo/s_ratio_poster/public/p1982176012.jpg
可可西里,8.9,335446,陆川 Chuan Lu,多布杰 Duobujie / 张磊 Lei Zhang / 亓亮 Qi L...,2004,中国大陆 中国香港,剧情 犯罪,https://img9.doubanio.com/view/photo/s_ratio_poster/public/p2363208684.jpg
爆裂鼓手,8.6,669457,达米恩·查泽雷 Damien Chazelle,迈尔斯·特勒 Miles Teller /...,2014,美国,剧情 音乐,https://img1.doubanio.com/view/photo/s_ratio_poster/public/p2915975989.jpg
城市之光,9.3,165583,查理·卓别林 Charles Chaplin,查理·卓别林 Charles Chaplin ...,1931,美国,喜剧 剧情 爱情,https://img1.doubanio.com/view/photo/s_ratio_poster/public/p2170238828.jpg
波西米亚狂想曲,8.6,670679,布莱恩·辛格 Bryan Singer,拉米·马雷克 Rami Malek / 本·哈...,2018,英国 美国,剧情 传记 同性 音乐,https://img3.doubanio.com/view/photo/s_ratio_poster/public/p2549558913.jpg
花束般的恋爱,8.6,778819,土井裕泰 Nobuhiro Doi,菅田将晖 Masaki Suda / 有村架纯 Kasu...,2021,日本,剧情 爱情,https://img3.doubanio.com/view/photo/s_ratio_poster/public/p2868462052.jpg
黑天鹅,8.6,829452,达伦·阿罗诺夫斯基 Darren Aronofsky,娜塔莉·波特曼 Natalie...,2010,美国,剧情 惊悚,https://img9.doubanio.com/view/photo/s_ratio_poster/public/p2549648344.jpg
爱乐之城,8.4,1057663,达米恩·查泽雷 Damien Chazelle,瑞恩·高斯林 Ryan Gosling /...,2016,美国,剧情 爱情 歌舞,https://img3.doubanio.com/view/photo/s_ratio_poster/public/p2901102612.jpg
青蛇,8.6,576837,徐克 Hark Tsui,张曼玉 Maggie Cheung / 王祖贤 Joey Wang / ...,1993,中国香港 中国大陆,剧情 爱情 奇幻 古装,https://img3.doubanio.com/view/photo/s_ratio_poster/public/p2570901292.jpg
白日梦想家,8.6,608826,本·斯蒂勒 Ben Stiller,本·斯蒂勒 Ben Stiller / 克里斯汀·...,2013,美国 英国,剧情 喜剧 冒险,https://img2.doubanio.com/view/photo/s_ratio_poster/public/p2160195181.jpg
哈利·波特与死亡圣器(上),8.6,670062,大卫·叶茨 David Yates,丹尼尔·雷德克里夫 Daniel Radcliffe...,2010,英国 美国,奇幻 冒险,https://img9.doubanio.com/view/photo/s_ratio_poster/public/p2913456984.jpg
机器人之梦,9.1,361667,巴勃罗·贝格尔 Pablo Berger,伊万·拉班达 Ivan Labanda / 阿...,2023,西班牙 法国,剧情 动画 音乐,https://img9.doubanio.com/view/photo/s_ratio_poster/public/p2904305126.jpg
终结者2：审判日,8.8,372595,詹姆斯·卡梅隆 James Cameron,阿诺·施瓦辛格 Arnold Schwarz...,1991,美国 法国,动作 科幻,https://img9.doubanio.com/view/photo/s_ratio_poster/public/p1910909085.jpg
初恋这件小事,8.5,1035024,普特鹏·普罗萨卡·那·萨克那卡林 Puttipong Promsaka Na Sakolnakorn / 华森·波克彭...,,2010,泰国,剧情 喜剧 爱情,https://img3.doubanio.com/view/photo/s_ratio_poster/public/p1505312273.jpg
无耻混蛋,8.7,536683,昆汀·塔伦蒂诺 Quentin Tarantino,布拉德·皮特 Brad Pitt / ...,2009,德国 美国,剧情 犯罪,https://img1.doubanio.com/view/photo/s_ratio_poster/public/p2575043939.jpg
雨人,8.7,434144,巴瑞·莱文森 Barry Levinson,达斯汀·霍夫曼 Dustin Hoffman ...,1988,美国,剧情,https://img3.doubanio.com/view/photo/s_ratio_poster/public/p2353324612.jpg
新龙门客栈,8.7,492609,李惠民 Raymond Lee,张曼玉 Maggie Cheung / 林青霞 Brigitte ...,1992,中国香港 中国大陆,动作 爱情 武侠 古装,https://img1.doubanio.com/view/photo/s_ratio_poster/public/p1421018669.jpg
人工智能,8.7,488410,史蒂文·斯皮尔伯格 Steven Spielberg,海利·乔·奥斯蒙 Haley...,2001,美国 英国,剧情 科幻,https://img3.doubanio.com/view/photo/s_ratio_poster/public/p792257137.jpg
虎口脱险,8.9,286107,杰拉尔·乌里 Gérard Oury,路易·德·菲耐斯 Louis de Funès...,1966,法国 英国,喜剧 战争,https://img3.doubanio.com/view/photo/s_ratio_poster/public/p2399597512.jpg
崖上的波妞,8.6,556617,宫崎骏 Hayao Miyazaki,奈良柚莉爱 Yuria Nara / 土井洋辉 Hir...,2008,日本,动画 奇幻 冒险,https://img1.doubanio.com/view/photo/s_ratio_poster/public/p2627847859.jpg
大红灯笼高高挂,8.8,349012,张艺谋 Yimou Zhang,巩俐 Li Gong / 马精武 Jingwu Ma / 何赛...,1991,中国大陆 中国香港 中国台湾,剧情,https://img3.doubanio.com/view/photo/s_ratio_poster/public/p1254404823.jpg
真爱至上,8.5,790498,理查德·柯蒂斯 Richard Curtis,休·格兰特 Hugh Grant / 连姆...,2003,英国 美国 法国,喜剧 剧情 爱情,https://img1.doubanio.com/view/photo/s_ratio_poster/public/p475600770.jpg
千钧一发,8.8,335425,安德鲁·尼科尔 Andrew Niccol,伊桑·霍克 Ethan Hawke / 乌玛...,1997,美国,剧情 科幻 惊悚,https://img3.doubanio.com/view/photo/s_ratio_poster/public/p792423963.jpg
罗生门,8.8,347699,黑泽明 Akira Kurosawa,三船敏郎 Toshirô Mifune / 京町子 ...,1950,日本,剧情 犯罪 悬疑,https://img2.doubanio.com/view/photo/s_ratio_poster/public/p1598883511.jpg
恋恋笔记本,8.5,730810,尼克·卡索维茨 Nick Cassavetes,瑞恩·高斯林 Ryan Gosling /...,2004,美国,剧情 爱情,https://img9.doubanio.com/view/photo/s_ratio_poster/public/p483604864.jpg
彗星来的那一夜,8.6,658963,詹姆斯·沃德·布柯特 James Ward Byrkit,艾米丽·芭尔多尼 Em...,2013,美国 英国,科幻 悬疑 惊悚,https://img9.doubanio.com/view/photo/s_ratio_poster/public/p2187896734.jpg
哈利·波特与凤凰社,8.5,668947,大卫·叶茨 David Yates,丹尼尔·雷德克里夫 Daniel Radcliffe...,2007,英国 美国,奇幻 冒险,https://img9.doubanio.com/view/photo/s_ratio_poster/public/p2913456924.jpg
海边的曼彻斯特,8.6,626877,肯尼斯·罗纳根 Kenneth Lonergan,卡西·阿弗莱克 Casey Affle...,2016,美国,剧情 家庭,https://img9.doubanio.com/view/photo/s_ratio_poster/public/p2421855655.jpg
火星救援,8.5,807740,雷德利·斯科特 Ridley Scott,马特·达蒙 Matt Damon / 杰西卡...,2015,英国 美国 匈牙利 约旦,剧情 科幻 冒险,https://img3.doubanio.com/view/photo/s_ratio_poster/public/p2264592493.jpg
黑客帝国2：重装上阵,8.7,443165,拉娜·沃卓斯基 Lana Wachowski / 莉莉·沃卓斯基 Lilly Wachowski   ...,,2003,美国,动作 科幻,https://img1.doubanio.com/view/photo/s_ratio_poster/public/p443461390.jpg
奇迹男孩,8.6,588919,斯蒂芬·卓博斯基 Stephen Chbosky,雅各布·特伦布莱 Jacob Tr...,2017,美国 中国香港,剧情 儿童 家庭,https://img1.doubanio.com/view/photo/s_ratio_poster/public/p2507709428.jpg
萤火虫之墓,8.7,431041,高畑勋 Isao Takahata,辰己努 / 白石绫乃 / 志乃原良子,1988,日本,动画 剧情 战争,https://img1.doubanio.com/view/photo/s_ratio_poster/public/p2237136718.jpg
战争之王,8.7,404463,安德鲁·尼科尔 Andrew Niccol,尼古拉斯·凯奇 Nicolas Cage /...,2005,美国 德国,剧情 犯罪,https://img2.doubanio.com/view/photo/s_ratio_poster/public/p792282381.jpg
千年女优,8.8,306890,今敏 Satoshi Kon,庄司美代子 Miyoko Shôji / 小山茉美 Mam...,2001,日本,动画 剧情 爱情,https://img9.doubanio.com/view/photo/s_ratio_poster/public/p2215102596.jpg
步履不停,8.8,312620,是枝裕和 Hirokazu Koreeda,阿部宽 Hiroshi Abe / 夏川结衣 Yu...,2008,日本,剧情 家庭,https://img1.doubanio.com/view/photo/s_ratio_poster/public/p2375245718.jpg
谍影重重2,8.7,387638,保罗·格林格拉斯 Paul Greengrass,马特·达蒙 Matt Damon / ...,2004,美国 德国,动作 悬疑 惊悚,https://img9.doubanio.com/view/photo/s_ratio_poster/public/p667644866.jpg
血钻,8.7,412397,爱德华·兹威克 Edward Zwick,莱昂纳多·迪卡普里奥 Leonardo ...,2006,美国 德国 英国,剧情 惊悚 冒险,https://img9.doubanio.com/view/photo/s_ratio_poster/public/p2797308106.jpg
蜘蛛侠：平行宇宙,8.6,736787,鲍勃·佩尔西凯蒂 Bob Persichetti / 彼得·拉姆齐 Peter Ramsey   主...,,2018,美国,动作 科幻 动画 冒险,https://img1.doubanio.com/view/photo/s_ratio_poster/public/p2535851348.jpg
攻壳机动队,9.0,202203,押井守 Mamoru Oshii,田中敦子 Atsuko Tanaka / 大冢明夫 Akio...,1995,日本,动作 科幻 动画,https://img3.doubanio.com/view/photo/s_ratio_poster/public/p2921045013.jpg
魂断蓝桥,8.8,302965,茂文·勒鲁瓦 Mervyn LeRoy,费雯·丽 Vivien Leigh / 罗伯特·...,1940,美国,剧情 爱情 战争,https://img1.doubanio.com/view/photo/s_ratio_poster/public/p2351134499.jpg
房间,8.8,393117,伦尼·阿伯拉罕森 Lenny Abrahamson,布丽·拉尔森 Brie Larson...,2015,爱尔兰 加拿大 英国 美国,剧情 家庭,https://img9.doubanio.com/view/photo/s_ratio_poster/public/p2259715855.jpg
冰雪奇缘,8.5,786971,克里斯·巴克 Chris Buck / 珍妮弗·李 Jennifer Lee,克里斯汀...,2013,美国,喜剧 动画 奇幻 歌舞,https://img3.doubanio.com/view/photo/s_ratio_poster/public/p2151245053.jpg
隐藏人物,8.9,258253,特奥多尔·梅尔菲 Theodore Melfi,塔拉吉·P·汉森 Taraji P. ...,2016,美国,剧情 传记 历史,https://img1.doubanio.com/view/photo/s_ratio_poster/public/p2374067318.jpg
谍影重重,8.6,472885,道格·里曼 Doug Liman,马特·达蒙 Matt Damon / 弗兰卡·波坦...,2002,美国 德国 捷克,动作 悬疑 惊悚,https://img2.doubanio.com/view/photo/s_ratio_poster/public/p1597183981.jpg
